order_id,arrival_time,num_items,pick_list,route,distance
1,0.14,2,"[(0, 2), (1, 2)]","[0, 1, 2, 0]",6
2,2.02,4,"[(3, 2), (4, 0), (2, 4), (1, 3)]","[0, 4, 3, 1, 2, 0]",16
3,3.47,2,"[(3, 1), (3, 3)]","[0, 1, 2, 0]",12
4,3.76,3,"[(2, 4), (0, 4), (4, 4)]","[0, 2, 1, 3, 0]",16
5,4.45,2,"[(3, 1), (2, 3)]","[0, 1, 2, 0]",12
6,5.04,3,"[(2, 2), (0, 2), (1, 3)]","[0, 2, 3, 1, 0]",10
7,6.1,3,"[(0, 2), (4, 0), (1, 1)]","[0, 1, 3, 2, 0]",12
8,7.65,3,"[(3, 2), (3, 0), (2, 1)]","[0, 3, 1, 2, 0]",10
9,7.75,4,"[(1, 1), (0, 1), (3, 1), (0, 3)]","[0, 2, 1, 3, 4, 0]",12
10,7.78,3,"[(4, 2), (4, 0), (1, 3)]","[0, 3, 1, 2, 0]",14
